ALTER TABLE exemplaire ADD FOREIGN KEY (idoeuvre) REFERENCES oeuvre(idoeuvre) ON UPDATE CASCADE
ALTER TABLE reservation ADD FOREIGN KEY (idusager) REFERENCES usager(idusager) ON UPDATE CASCADE
ALTER TABLE reservation ADD FOREIGN KEY (idoeuvre) REFERENCES oeuvre(idoeuvre) ON UPDATE CASCADE
ALTER TABLE emprunt ADD FOREIGN KEY (idusager) REFERENCES usager(idusager) ON UPDATE CASCADE
ALTER TABLE emprunt ADD FOREIGN KEY (idexemplaire) REFERENCES exemplaire(idexemplaire) ON UPDATE CASCADE
ALTER TABLE livre ADD FOREIGN KEY (idauteur) REFERENCES auteur(idauteur) ON UPDATE CASCADE
ALTER TABLE livre ADD FOREIGN KEY (idoeuvre) REFERENCES oeuvre(idoeuvre) ON UPDATE CASCADE
ALTER TABLE magasine ADD FOREIGN KEY (idoeuvre) REFERENCES oeuvre(idoeuvre) ON UPDATE CASCADE

INSERT INTO usager (idusager, prenom, nom, adresse, mail) VALUES ('a5fae491-b747-4dbf-b4c0-d88fda5618ba', 'Henri', 'Couturier', '77 rue de la Hulotais', 'henri.coutirier@hotmail.fr')
INSERT INTO usager (idusager, prenom, nom, adresse, mail) VALUES ('93632769-e21b-45c7-a88b-356ca1ba35fa', 'Fabienne', 'Begin', '76 Faubourg Saint Honoré', 'fabienne.begin@gmail.com'),
INSERT INTO usager (idusager, prenom, nom, adresse, mail) VALUES ('f47a929c-c566-4282-bf4c-135d9dd094d8', 'Christophe', 'Boisvert', '130 rue La Boétie', 'chris.boisvert@gmail.com')
INSERT INTO usager (idusager, prenom, nom, adresse, mail) VALUES ('dc682f8b-8b91-497b-a51a-3ed18fe47a97', 'Loic', 'Camutis', '78 rue Reine Elisabeth', 'loiccamutis@gmail.com')
INSERT INTO usager (idusager, prenom, nom, adresse, mail) VALUES ('eca2e00b-5132-445a-b5ad-6633b265a197', 'Claire', 'Pouliotte', '125 rue du Palais', 'cpouilotte@neuf.fr')
INSERT INTO usager (idusager, prenom, nom, adresse, mail) VALUES ('3d46e180-ff9b-4fce-913d-2ffde36264c7', 'Fabien', 'Jacques', '76 rue Beauvau', 'fabien.jacques@orange.fr')
INSERT INTO usager (idusager, prenom, nom, adresse, mail) VALUES ('e99dbf0d-c68f-4832-af21-130369a9bda2', 'Cloé', 'Mailhot', '112 chemin Challet', 'cloe.mailhot@gmail.com')
INSERT INTO usager (idusager, prenom, nom, adresse, mail) VALUES ('ee4a55f7-01f5-4da6-8601-66bd7600fb78', 'Léa', 'Chavet', '67 rue de Geneve', 'lea.chavet@wanadoo.com')

INSERT INTO auteur (idauteur, prenom, nom) VALUES ('bd4c5f42-f6a1-473a-9736-fc6bb7b97f41', 'Victor', 'Hugo')
INSERT INTO auteur (idauteur, prenom, nom) VALUES ('2f706cbf-7c7d-4517-90c7-944923909d9c', 'Antoine', 'de Saint-Exupéry')
INSERT INTO auteur (idauteur, prenom, nom) VALUES ('df922230-8906-495c-9822-c747d7474157', 'Emile', 'Zola')
INSERT INTO auteur (idauteur, prenom, nom) VALUES ('9e7daec5-c156-4f7a-b00f-7370909b5be0', 'J.R.R', 'Tolkien')
INSERT INTO auteur (idauteur, prenom, nom) VALUES ('88a65405-dbd6-46b7-90f1-d1215a6e03f5', 'Alain', 'Fournier')
INSERT INTO auteur (idauteur, prenom, nom) VALUES ('87ce1872-369a-4305-97c1-b6d26ec87fe5', 'Jules', 'Verne')
INSERT INTO auteur (idauteur, prenom, nom) VALUES ('d389c864-a496-44fd-87a2-93c880d13149', 'Betty', 'Mahmoody')
INSERT INTO auteur (idauteur, prenom, nom) VALUES ('98b9d88a-e1e0-436e-8864-5997b08ae8d4', 'Alexandre', 'Dumas')
INSERT INTO auteur (idauteur, prenom, nom) VALUES ('e63113ff-7601-453c-8352-c9665b2365e8', 'Marcel', 'Pagnol')
INSERT INTO auteur (idauteur, prenom, nom) VALUES ('fb0c82c1-9dce-4a01-842a-73699720f798', 'Anne', 'Frank')
INSERT INTO auteur (idauteur, prenom, nom) VALUES ('37ba531e-08ea-47b9-9aff-db87e41b17ba', 'Régine', 'Deforges')
INSERT INTO auteur (idauteur, prenom, nom) VALUES ('66c715a2-20f0-4943-b5a2-0f2db63f5580', 'René', 'Barjavel')
INSERT INTO auteur (idauteur, prenom, nom) VALUES ('13f4175e-16aa-4766-a76d-ca4590ac5484', 'Colleen', 'McCullough')
INSERT INTO auteur (idauteur, prenom, nom) VALUES ('5f5f47e6-4300-4655-94c8-8892aabfcb41', 'Agatha', 'Christie')
INSERT INTO auteur (idauteur, prenom, nom) VALUES ('700906d1-20ee-43a0-9ec6-860d03ff2f68', 'Hector', 'Malot')

INSERT INTO oeuvre (idoeuvre, titre, parution, ISBN) VALUES ('94fcaaef-ae23-4f13-b391-f07105db7416', 'Les misérables', '1862-01-01', '3-598-21500-2')
INSERT INTO oeuvre (idoeuvre, titre, parution, ISBN) VALUES ('d6366870-c2ae-40d1-a13d-a1ea987a71f8', 'Le Petit Prince', '1943-01-01', '3-598-21501-0')
INSERT INTO oeuvre (idoeuvre, titre, parution, ISBN) VALUES ('47bae8b9-a3ce-4c0d-b601-dc76af3a9060', 'Germinal', '1885-01-01', '3-598-21502-9')
INSERT INTO oeuvre (idoeuvre, titre, parution, ISBN) VALUES ('107d7837-b2ea-4008-9ab2-a1f7790482b5', 'La Communauté de l Anneau', '1972-01-01', '3-598-21503-7')
INSERT INTO oeuvre (idoeuvre, titre, parution, ISBN) VALUES ('934958e7-4302-44b3-be49-61ea09a2fc57', 'Le Grand Meaulnes', '1913-01-01', '3-598-21504-5')
INSERT INTO oeuvre (idoeuvre, titre, parution, ISBN) VALUES ('4159f716-a7c1-4a03-8f58-af4867f2f618', 'Vingt mille lieues sous les mers', '1870-01-01', '3-598-21505-3')
INSERT INTO oeuvre (idoeuvre, titre, parution, ISBN) VALUES ('7046ea8b-3b86-47bb-b1fd-95fa0c3a33f7', 'Jamais sans ma fille', '1992-02-01', '3-598-21506-1')
INSERT INTO oeuvre (idoeuvre, titre, parution, ISBN) VALUES ('9f59a423-effb-44a0-af20-bcf896f28f35', 'Les Trois Mousquetaires', '1844-03-01', '3-598-21507-X')
INSERT INTO oeuvre (idoeuvre, titre, parution, ISBN) VALUES ('8f3756fa-f6b3-45a2-a17d-556882a0799b', 'La Gloire de mon père', '1957-01-01', '3-598-21508-8')
INSERT INTO oeuvre (idoeuvre, titre, parution, ISBN) VALUES ('831a4d7e-96b0-446c-8b5e-418886ba6a25', 'Journal d Anne Frank', '1947-01-01', '3-598-21509-6')
INSERT INTO oeuvre (idoeuvre, titre, parution, ISBN) VALUES ('59f5a119-f2be-4f41-ad28-71287e9a4531', 'La Bicyclette bleue', '1981-01-01', '3-598-21510-X')
INSERT INTO oeuvre (idoeuvre, titre, parution, ISBN) VALUES ('9a572d77-e6b3-4802-beef-210972cc654c', 'La nuit des temps', '1968-01-01', '3-598-21511-8')
INSERT INTO oeuvre (idoeuvre, titre, parution, ISBN) VALUES ('fd5e1398-5298-449e-b531-919a0744bc3b', 'Les oiseaux se cachent pour mourir', '1977-01-01','3-598-21512-6')
INSERT INTO oeuvre (idoeuvre, titre, parution, ISBN) VALUES ('50a2d93d-1af6-4d06-b8e9-625081c9405a', 'Dix petits nègres', '1939-01-01', '3-598-21513-4')
INSERT INTO oeuvre (idoeuvre, titre, parution, ISBN) VALUES ('0d5d2e81-b6df-4c9e-b496-1bdc52625e6f', 'Sans famille', '1878-01-01', '3-598-21514-2')
INSERT INTO oeuvre (idoeuvre, titre, parution, ISBN) VALUES ('73917dfe-a274-4c37-b5ef-7f5e8178889d', 'Le Figaro', '2019-02-05', '3-598-21515-0')
INSERT INTO oeuvre (idoeuvre, titre, parution, ISBN) VALUES ('cd2c243c-deb0-4dc8-8e7f-1c7fb8a4434a', 'Libération', '2019-02-10', '3-598-21516-9')
INSERT INTO oeuvre (idoeuvre, titre, parution, ISBN) VALUES ('a6bc92f4-d247-49de-8c8e-a9ce6e728ca6', 'Public', '2019-02-19', '3-598-21517-7')
INSERT INTO oeuvre (idoeuvre, titre, parution, ISBN) VALUES ('1779894f-edbe-48c2-b0c1-998d417c4b00', 'People', '2019-01-24', '3-598-21518-5')
INSERT INTO oeuvre (idoeuvre, titre, parution, ISBN) VALUES ('1deef9f8-9405-4295-ad4a-b05396998557', 'France Football', '2019-03-01', '3-598-21519-3')
INSERT INTO oeuvre (idoeuvre, titre, parution, ISBN) VALUES ('7ca3c209-5aaf-450f-b937-9a2ff87d2f47', 'L Equipe', '2019-02-02', '3-598-21520-7')
INSERT INTO oeuvre (idoeuvre, titre, parution, ISBN) VALUES ('eaf706bd-6e6c-440c-92c8-4c50d8ed37c8', 'Auto Moto', '2019-02-14', '3-598-21521-5')
INSERT INTO oeuvre (idoeuvre, titre, parution, ISBN) VALUES ('5aeb4363-4d5d-4365-84ae-44fab61a110b', 'Classica', '2019-02-15', '3-598-21522-3')
INSERT INTO oeuvre (idoeuvre, titre, parution, ISBN) VALUES ('52067678-fdfe-444c-8826-5fd1e860a5d4', 'Jazz Magazine', '2019-02-05', '3-598-21523-1')
INSERT INTO oeuvre (idoeuvre, titre, parution, ISBN) VALUES ('76f62e52-14f2-46e1-af92-7f2e17914d30', 'My Cuisine', '2019-01-06', '3-598-21524-X')
INSERT INTO oeuvre (idoeuvre, titre, parution, ISBN) VALUES ('a244c7ac-dc62-432b-b6f8-11f4ee804321', 'Régal', '2019-01-12', '3-598-21525-8')

INSERT INTO livre (idoeuvre, idauteur) VALUES ('94fcaaef-ae23-4f13-b391-f07105db7416', 'bd4c5f42-f6a1-473a-9736-fc6bb7b97f41')
INSERT INTO livre (idoeuvre, idauteur) VALUES ('d6366870-c2ae-40d1-a13d-a1ea987a71f8', '2f706cbf-7c7d-4517-90c7-944923909d9c')
INSERT INTO livre (idoeuvre, idauteur) VALUES ('47bae8b9-a3ce-4c0d-b601-dc76af3a9060', 'df922230-8906-495c-9822-c747d7474157')
INSERT INTO livre (idoeuvre, idauteur) VALUES ('107d7837-b2ea-4008-9ab2-a1f7790482b5', '9e7daec5-c156-4f7a-b00f-7370909b5be0')
INSERT INTO livre (idoeuvre, idauteur) VALUES ('934958e7-4302-44b3-be49-61ea09a2fc57', '88a65405-dbd6-46b7-90f1-d1215a6e03f5')
INSERT INTO livre (idoeuvre, idauteur) VALUES ('4159f716-a7c1-4a03-8f58-af4867f2f618', '87ce1872-369a-4305-97c1-b6d26ec87fe5')
INSERT INTO livre (idoeuvre, idauteur) VALUES ('7046ea8b-3b86-47bb-b1fd-95fa0c3a33f7', 'd389c864-a496-44fd-87a2-93c880d13149')
INSERT INTO livre (idoeuvre, idauteur) VALUES ('9f59a423-effb-44a0-af20-bcf896f28f35', '98b9d88a-e1e0-436e-8864-5997b08ae8d4')
INSERT INTO livre (idoeuvre, idauteur) VALUES ('8f3756fa-f6b3-45a2-a17d-556882a0799b', 'e63113ff-7601-453c-8352-c9665b2365e8')
INSERT INTO livre (idoeuvre, idauteur) VALUES ('831a4d7e-96b0-446c-8b5e-418886ba6a25', 'fb0c82c1-9dce-4a01-842a-73699720f798')
INSERT INTO livre (idoeuvre, idauteur) VALUES ('59f5a119-f2be-4f41-ad28-71287e9a4531', '37ba531e-08ea-47b9-9aff-db87e41b17ba')
INSERT INTO livre (idoeuvre, idauteur) VALUES ('9a572d77-e6b3-4802-beef-210972cc654c', '66c715a2-20f0-4943-b5a2-0f2db63f5580')
INSERT INTO livre (idoeuvre, idauteur) VALUES ('fd5e1398-5298-449e-b531-919a0744bc3b', '13f4175e-16aa-4766-a76d-ca4590ac5484')
INSERT INTO livre (idoeuvre, idauteur) VALUES ('50a2d93d-1af6-4d06-b8e9-625081c9405a', '5f5f47e6-4300-4655-94c8-8892aabfcb41')
INSERT INTO livre (idoeuvre, idauteur) VALUES ('0d5d2e81-b6df-4c9e-b496-1bdc52625e6f', '700906d1-20ee-43a0-9ec6-860d03ff2f68')

INSERT INTO magasine (type, idoeuvre) VALUES ('ACTUALITE', '73917dfe-a274-4c37-b5ef-7f5e8178889d')
INSERT INTO magasine (type, idoeuvre) VALUES ('ACTUALITE', 'cd2c243c-deb0-4dc8-8e7f-1c7fb8a4434a')
INSERT INTO magasine (type, idoeuvre) VALUES ('PEOPLE', 'a6bc92f4-d247-49de-8c8e-a9ce6e728ca6')
INSERT INTO magasine (type, idoeuvre) VALUES ('PEOPLE', '1779894f-edbe-48c2-b0c1-998d417c4b00')
INSERT INTO magasine (type, idoeuvre) VALUES ('SPORT', '1deef9f8-9405-4295-ad4a-b05396998557')
INSERT INTO magasine (type, idoeuvre) VALUES ('SPORT', '7ca3c209-5aaf-450f-b937-9a2ff87d2f47')
INSERT INTO magasine (type, idoeuvre) VALUES ('AUTOMOBILE', 'eaf706bd-6e6c-440c-92c8-4c50d8ed37c8')
INSERT INTO magasine (type, idoeuvre) VALUES ('CULTURE', '5aeb4363-4d5d-4365-84ae-44fab61a110b')
INSERT INTO magasine (type, idoeuvre) VALUES ('CULTURE', '52067678-fdfe-444c-8826-5fd1e860a5d4')
INSERT INTO magasine (type, idoeuvre) VALUES ('CUISINE', '76f62e52-14f2-46e1-af92-7f2e17914d30')
INSERT INTO magasine (type, idoeuvre) VALUES ('CUISINE', 'a244c7ac-dc62-432b-b6f8-11f4ee804321')


INSERT INTO exemplaire (idexemplaire, etat, idoeuvre) VALUES ('94c8dfd7-9947-4652-95f0-0f3d47a88d27', 'NEUF', '94fcaaef-ae23-4f13-b391-f07105db7416')
INSERT INTO exemplaire (idexemplaire, etat, idoeuvre) VALUES ('6f06fdae-d2b2-4ba8-abe1-4d7946551cf8', 'USE', '94fcaaef-ae23-4f13-b391-f07105db7416')
INSERT INTO exemplaire (idexemplaire, etat, idoeuvre) VALUES ('2eaafaa9-7c0a-4057-823a-64ada9ee8e0b', 'BON', '94fcaaef-ae23-4f13-b391-f07105db7416')
INSERT INTO exemplaire (idexemplaire, etat, idoeuvre) VALUES ('e243aa7f-ae65-4ae9-9fcc-540a2928f1b6', 'BON', 'd6366870-c2ae-40d1-a13d-a1ea987a71f8')
INSERT INTO exemplaire (idexemplaire, etat, idoeuvre) VALUES ('84171888-6b65-43bb-a821-48b7b1efdfaa', 'NEUF', '47bae8b9-a3ce-4c0d-b601-dc76af3a9060')
INSERT INTO exemplaire (idexemplaire, etat, idoeuvre) VALUES ('af6b79e8-bbdf-480c-913a-aaa31de590d2', 'TRES_USE', '47bae8b9-a3ce-4c0d-b601-dc76af3a9060')
INSERT INTO exemplaire (idexemplaire, etat, idoeuvre) VALUES ('e5b35152-123a-4b2f-b59d-ba047e0b2802', 'BON', '107d7837-b2ea-4008-9ab2-a1f7790482b5')
INSERT INTO exemplaire (idexemplaire, etat, idoeuvre) VALUES ('65282a07-5888-42cf-9036-e06d72cc0f57', 'NEUF', '934958e7-4302-44b3-be49-61ea09a2fc57')
INSERT INTO exemplaire (idexemplaire, etat, idoeuvre) VALUES ('5c505ba0-8de3-46da-8695-c822a57767bb', 'NEUF', '934958e7-4302-44b3-be49-61ea09a2fc57')
INSERT INTO exemplaire (idexemplaire, etat, idoeuvre) VALUES ('8843b641-285b-4fd3-a897-8c988f60ca6d', 'USE', '4159f716-a7c1-4a03-8f58-af4867f2f618')
INSERT INTO exemplaire (idexemplaire, etat, idoeuvre) VALUES ('fcb29871-e4df-470d-ab39-9bbf3462c380', 'USE', '7046ea8b-3b86-47bb-b1fd-95fa0c3a33f7')
INSERT INTO exemplaire (idexemplaire, etat, idoeuvre) VALUES ('918a6162-1212-4d82-8ec8-f1bd6581c23a', 'TRES_USE', '7046ea8b-3b86-47bb-b1fd-95fa0c3a33f7')
INSERT INTO exemplaire (idexemplaire, etat, idoeuvre) VALUES ('ab49083e-a3e0-4fca-a43a-eefab5ff4106', 'NEUF', '7046ea8b-3b86-47bb-b1fd-95fa0c3a33f7')
INSERT INTO exemplaire (idexemplaire, etat, idoeuvre) VALUES ('d3065ada-b7ca-4418-a6bd-7c02f6030846', 'BON', '9f59a423-effb-44a0-af20-bcf896f28f35')
INSERT INTO exemplaire (idexemplaire, etat, idoeuvre) VALUES ('6db12813-2552-4b70-94ea-927d25cf6c43', 'BON', '9f59a423-effb-44a0-af20-bcf896f28f35')
INSERT INTO exemplaire (idexemplaire, etat, idoeuvre) VALUES ('ccfa1e33-a0a2-4032-a543-232947401c64', 'NEUF', '8f3756fa-f6b3-45a2-a17d-556882a0799b')
INSERT INTO exemplaire (idexemplaire, etat, idoeuvre) VALUES ('b4215ef0-f18b-4c41-877b-798f52c74f9b', 'USE', '8f3756fa-f6b3-45a2-a17d-556882a0799b')
INSERT INTO exemplaire (idexemplaire, etat, idoeuvre) VALUES ('9b91a41a-8224-474b-aea0-f1c311d4f969', 'USE', '831a4d7e-96b0-446c-8b5e-418886ba6a25')
INSERT INTO exemplaire (idexemplaire, etat, idoeuvre) VALUES ('61cc4cab-2131-45b7-8e7e-8967ffb3f14d', 'TRES_USE', '831a4d7e-96b0-446c-8b5e-418886ba6a25')
INSERT INTO exemplaire (idexemplaire, etat, idoeuvre) VALUES ('2244a321-1a33-47f2-9911-0b5a8cd5ba4c', 'BON', '831a4d7e-96b0-446c-8b5e-418886ba6a25')
INSERT INTO exemplaire (idexemplaire, etat, idoeuvre) VALUES ('7b3b35a6-7b63-4898-83d6-cb1ef45b94d2', 'NEUF', '831a4d7e-96b0-446c-8b5e-418886ba6a25')
INSERT INTO exemplaire (idexemplaire, etat, idoeuvre) VALUES ('2db89a7e-c635-408f-84f9-4366a944e758', 'USE', '59f5a119-f2be-4f41-ad28-71287e9a4531')
INSERT INTO exemplaire (idexemplaire, etat, idoeuvre) VALUES ('d9654a93-04cf-4dbb-8ecb-4eb2e476fa26', 'NEUF', '59f5a119-f2be-4f41-ad28-71287e9a4531')
INSERT INTO exemplaire (idexemplaire, etat, idoeuvre) VALUES ('3b4ffd67-b723-451c-b194-9c3cfb41a72f', 'TRES_USE', '9a572d77-e6b3-4802-beef-210972cc654c')
INSERT INTO exemplaire (idexemplaire, etat, idoeuvre) VALUES ('cfe56b58-88eb-4f66-b015-ecdcf81d34c2', 'BON', '9a572d77-e6b3-4802-beef-210972cc654c')
INSERT INTO exemplaire (idexemplaire, etat, idoeuvre) VALUES ('c0c0ae69-0851-48ec-a689-c35b78c564c3', 'USE', 'fd5e1398-5298-449e-b531-919a0744bc3b')
INSERT INTO exemplaire (idexemplaire, etat, idoeuvre) VALUES ('17db19d1-5096-4106-8733-de03a100ad7b', 'USE', '50a2d93d-1af6-4d06-b8e9-625081c9405a')
INSERT INTO exemplaire (idexemplaire, etat, idoeuvre) VALUES ('22907a0b-0cfa-4ea6-aa43-651c9b12f134', 'TRES_USE', '50a2d93d-1af6-4d06-b8e9-625081c9405a')
INSERT INTO exemplaire (idexemplaire, etat, idoeuvre) VALUES ('71b12230-4086-43f1-98a4-247492a17994', 'BON', '50a2d93d-1af6-4d06-b8e9-625081c9405a')
INSERT INTO exemplaire (idexemplaire, etat, idoeuvre) VALUES ('f8c46cdb-e490-4f12-ab87-a99d6f5d7ca7', 'NEUF', '0d5d2e81-b6df-4c9e-b496-1bdc52625e6f')
INSERT INTO exemplaire (idexemplaire, etat, idoeuvre) VALUES ('67a6147f-ffb3-40cc-b97c-595f43999ff4', 'USE', '0d5d2e81-b6df-4c9e-b496-1bdc52625e6f')
INSERT INTO exemplaire (idexemplaire, etat, idoeuvre) VALUES ('3b4a2732-2e9e-4844-87b5-b4d63ad1626a', 'NEUF', '0d5d2e81-b6df-4c9e-b496-1bdc52625e6f')
INSERT INTO exemplaire (idexemplaire, etat, idoeuvre) VALUES ('4d9004c9-ed7f-4b3f-b44d-77a4e1b62556', 'TRES_USE', '0d5d2e81-b6df-4c9e-b496-1bdc52625e6f')
INSERT INTO exemplaire (idexemplaire, etat, idoeuvre) VALUES ('10c2a21f-61db-451c-82c6-3e8e049811b2', 'BON', '73917dfe-a274-4c37-b5ef-7f5e8178889d')
INSERT INTO exemplaire (idexemplaire, etat, idoeuvre) VALUES ('7e26b98b-b075-4968-b921-2f009ba29e6b', 'USE', 'cd2c243c-deb0-4dc8-8e7f-1c7fb8a4434a')
INSERT INTO exemplaire (idexemplaire, etat, idoeuvre) VALUES ('3e4533b7-9470-4967-b813-181ba274379b', 'USE', 'a6bc92f4-d247-49de-8c8e-a9ce6e728ca6')
INSERT INTO exemplaire (idexemplaire, etat, idoeuvre) VALUES ('62f22a01-9643-4b96-a17c-eca68fe16748', 'TRES_USE', '1779894f-edbe-48c2-b0c1-998d417c4b00')
INSERT INTO exemplaire (idexemplaire, etat, idoeuvre) VALUES ('00e7d318-f1a8-4b7e-aa41-b07fb28ab996', 'BON', '1deef9f8-9405-4295-ad4a-b05396998557')
INSERT INTO exemplaire (idexemplaire, etat, idoeuvre) VALUES ('0f3901a5-b249-42d2-b1ab-1c87b4d29cd4', 'NEUF', '7ca3c209-5aaf-450f-b937-9a2ff87d2f47')
INSERT INTO exemplaire (idexemplaire, etat, idoeuvre) VALUES ('3f9e24fa-4ccd-4dcd-a6c2-8e8168d71a82', 'USE', 'eaf706bd-6e6c-440c-92c8-4c50d8ed37c8')
INSERT INTO exemplaire (idexemplaire, etat, idoeuvre) VALUES ('06fea5f4-ed73-4ea0-ba34-3b490ad18aba', 'NEUF', '5aeb4363-4d5d-4365-84ae-44fab61a110b')
INSERT INTO exemplaire (idexemplaire, etat, idoeuvre) VALUES ('9be83686-e68e-4e81-bf6f-92bf091ea59b', 'TRES_USE', '52067678-fdfe-444c-8826-5fd1e860a5d4')
INSERT INTO exemplaire (idexemplaire, etat, idoeuvre) VALUES ('eaae636d-8906-4306-9b74-177a4a811ac4', 'BON', '76f62e52-14f2-46e1-af92-7f2e17914d30')
INSERT INTO exemplaire (idexemplaire, etat, idoeuvre) VALUES ('aa8dc967-1dff-4126-acfb-3b8df16be5af', 'NEUF', 'a244c7ac-dc62-432b-b6f8-11f4ee804321')